Title,Media URL,Pinterest board,Description,Link,Publish date,Keywords
Crepes Pancakes,/static/pins/pin_5.png,General,"Crepes Pancakes

Read more at the link below.",https://cookingjulia.com/recettes/petit-dejeuner-gouter/crepes-pancakes/,2026-03-15 08:09,
Crepes Pancakes,/static/pins/pin_6.png,General,"Crepes Pancakes

Read more at the link below.",https://cookingjulia.com/recettes/petit-dejeuner-gouter/crepes-pancakes/,2026-03-23 08:50,
Crepes Pancakes,/static/pins/pin_7.png,General,"Crepes Pancakes

Read more at the link below.",https://cookingjulia.com/recettes/petit-dejeuner-gouter/crepes-pancakes/,2026-03-31 08:05,
Crepes Pancakes,/static/pins/pin_8.png,General,"Crepes Pancakes

Read more at the link below.",https://cookingjulia.com/recettes/petit-dejeuner-gouter/crepes-pancakes/,2026-04-08 08:44,
Crepes Pancakes,/static/pins/pin_9.png,General,"Crepes Pancakes

Read more at the link below.",https://cookingjulia.com/recettes/petit-dejeuner-gouter/crepes-pancakes/,2026-04-16 08:17,
Crepes Pancakes,/static/pins/pin_10.png,General,"Crepes Pancakes

Read more at the link below.",https://cookingjulia.com/recettes/petit-dejeuner-gouter/crepes-pancakes/,2026-04-24 08:23,
Crepes Pancakes,/static/pins/pin_11.png,General,"Crepes Pancakes

Read more at the link below.",https://cookingjulia.com/recettes/petit-dejeuner-gouter/crepes-pancakes/,2026-05-02 08:54,
Crepes Pancakes,/static/pins/pin_12.png,General,"Crepes Pancakes

Read more at the link below.",https://cookingjulia.com/recettes/petit-dejeuner-gouter/crepes-pancakes/,2026-05-10 08:46,
Crepes Pancakes,/static/pins/pin_13.png,General,"Crepes Pancakes

Read more at the link below.",https://cookingjulia.com/recettes/petit-dejeuner-gouter/crepes-pancakes/,2026-05-18 08:47,
Crepes Pancakes,/static/pins/pin_14.png,General,"Crepes Pancakes

Read more at the link below.",https://cookingjulia.com/recettes/petit-dejeuner-gouter/crepes-pancakes/,2026-05-26 08:48,
Crepes Pancakes,/static/pins/pin_15.png,General,"Crepes Pancakes

Read more at the link below.",https://cookingjulia.com/recettes/petit-dejeuner-gouter/crepes-pancakes/,2026-06-03 08:21,
Crepes Pancakes,/static/pins/pin_16.png,General,"Crepes Pancakes

Read more at the link below.",https://cookingjulia.com/recettes/petit-dejeuner-gouter/crepes-pancakes/,2026-06-11 08:32,
Crepes Pancakes,/static/pins/pin_17.png,General,"Crepes Pancakes

Read more at the link below.",https://cookingjulia.com/recettes/petit-dejeuner-gouter/crepes-pancakes/,2026-06-19 08:55,
